{ "results": [
	{
        "owningId": "Yl7XXDQJ46",
        "relatedId": "eoZYJBLgMh"
    },
	{
        "owningId": "X4y6hZlo8Z",
        "relatedId": "kxZjyzp9tC"
    },
	{
        "owningId": "1F52Da354n",
        "relatedId": "kxZjyzp9tC"
    },
	{
        "owningId": "jbM1No8TGk",
        "relatedId": "voOhGDg2IL"
    },
	{
        "owningId": "E4U0gQyPz3",
        "relatedId": "5d68V2Qg0t"
    },
	{
        "owningId": "eSws3duuUj",
        "relatedId": "1V5rBJ9qeN"
    },
	{
        "owningId": "X4y6hZlo8Z",
        "relatedId": "SMBD8uNOT6"
    },
	{
        "owningId": "1F52Da354n",
        "relatedId": "8cwHdH4Y22"
    },
	{
        "owningId": "jbM1No8TGk",
        "relatedId": "6hq2GDzZCg"
    },
	{
        "owningId": "E4U0gQyPz3",
        "relatedId": "s8UIBmHWbF"
    },
	{
        "owningId": "eSws3duuUj",
        "relatedId": "airyaJkJ7b"
    },
	{
        "owningId": "UWhnuNL22f",
        "relatedId": "7ejhLOSOkO"
    },
	{
        "owningId": "Ibwpu6twLp",
        "relatedId": "CHx5H2Hcuk"
    },
	{
        "owningId": "QKtYYp0GI4",
        "relatedId": "HxQnahBtJc"
    },
	{
        "owningId": "Mz1p4IyAko",
        "relatedId": "vKwzP3uENX"
    },
	{
        "owningId": "ZRXiE3P5zg",
        "relatedId": "y8RNkXNVJk"
    },
	{
        "owningId": "M37qwfbggN",
        "relatedId": "WEb1uMfT30"
    },
	{
        "owningId": "xpzoWIhy8p",
        "relatedId": "ig64sQl4ue"
    },
	{
        "owningId": "TgNXl6XlX1",
        "relatedId": "AdAfFFd0Lc"
    },
	{
        "owningId": "rWI7zkQMZp",
        "relatedId": "nnL46dEJtR"
    },
	{
        "owningId": "ebkfJ3Uf7W",
        "relatedId": "HEsHgw36UB"
    },
	{
        "owningId": "ZvNSq1qE5b",
        "relatedId": "Zzey1ew0ns"
    },
	{
        "owningId": "79TJkl5aCt",
        "relatedId": "YGc7agFK2r"
    },
	{
        "owningId": "BkwdcFYNRF",
        "relatedId": "JsbGO64Q4y"
    },
	{
        "owningId": "aOaOL29o2M",
        "relatedId": "wZKKVx542a"
    },
	{
        "owningId": "Evi4njuz78",
        "relatedId": "og546XPf0w"
    }
] }