{ "results": [
	{
        "createdAt": "2015-12-22T08:28:30.038Z",
        "description": "A chocolate cake with some cherry. Try it?",
        "discount": 10,
        "egg": true,
        "name": "Chocolate Cherry",
        "objectId": "1F52Da354n",
        "price": 560,
        "updatedAt": "2015-12-27T08:38:44.495Z"
    },
	{
        "createdAt": "2015-12-27T08:36:09.288Z",
        "description": "A cake with a lot of strawberries",
        "discount": 10,
        "egg": true,
        "name": "Strawberry Cake",
        "objectId": "79TJkl5aCt",
        "price": 550,
        "updatedAt": "2015-12-27T09:05:12.789Z"
    },
	{
        "createdAt": "2015-12-27T08:39:14.966Z",
        "description": "A good choice on birthday",
        "discount": 10,
        "egg": true,
        "name": "Luxury Cake",
        "objectId": "BkwdcFYNRF",
        "price": 570,
        "updatedAt": "2015-12-27T09:05:15.963Z"
    },
	{
        "createdAt": "2015-12-22T08:58:48.226Z",
        "description": "A vani cake with some cherry?",
        "discount": 0,
        "egg": true,
        "name": "Vani Cherry Cake",
        "objectId": "E4U0gQyPz3",
        "price": 510,
        "updatedAt": "2015-12-25T09:17:06.791Z"
    },
	{
        "createdAt": "2015-12-27T08:58:23.808Z",
        "description": "Blue siro on it",
        "discount": 0,
        "egg": false,
        "name": "Sea Cake",
        "objectId": "Evi4njuz78",
        "price": 530,
        "updatedAt": "2015-12-27T09:06:53.450Z"
    },
	{
        "createdAt": "2015-12-25T07:02:37.260Z",
        "description": "White wedding cake with purple roses",
        "discount": 10,
        "egg": true,
        "name": "Purple Roses",
        "objectId": "Ibwpu6twLp",
        "price": 800,
        "updatedAt": "2015-12-25T07:05:58.823Z"
    },
	{
        "createdAt": "2015-12-25T08:43:25.364Z",
        "description": "The blue waterfall cake with flowers",
        "discount": 0,
        "egg": true,
        "name": "Blue Waterfall",
        "objectId": "M37qwfbggN",
        "price": 720,
        "updatedAt": "2015-12-25T08:44:32.947Z"
    },
	{
        "createdAt": "2015-12-25T07:46:59.765Z",
        "description": "The cake with some chocolate polka dots around it.",
        "discount": 10,
        "egg": false,
        "name": "Polka Dots ",
        "objectId": "Mz1p4IyAko",
        "price": 700,
        "updatedAt": "2015-12-25T07:48:22.306Z"
    },
	{
        "createdAt": "2015-12-25T07:38:12.073Z",
        "description": " The acme of art and elegance.",
        "discount": 10,
        "egg": false,
        "name": "Black and White",
        "objectId": "QKtYYp0GI4",
        "price": 780,
        "updatedAt": "2015-12-25T07:40:05.988Z"
    },
	{
        "createdAt": "2015-12-25T09:08:33.374Z",
        "description": "A lot of roses between and above the cake",
        "discount": 0,
        "egg": true,
        "name": "Suger Rose",
        "objectId": "TgNXl6XlX1",
        "price": 520,
        "updatedAt": "2015-12-25T09:13:08.056Z"
    },
	{
        "createdAt": "2015-12-25T06:40:13.238Z",
        "description": "Perfect for anyone who has completed our Wedding Cake Foundations, or feel confident icing and stacking a cake.",
        "discount": 10,
        "egg": true,
        "name": "Cascading Rose",
        "objectId": "UWhnuNL22f",
        "price": 800,
        "updatedAt": "2015-12-26T08:08:11.463Z"
    },
	{
        "createdAt": "2015-12-22T08:19:27.946Z",
        "description": "Warm and sweet",
        "discount": 0,
        "egg": false,
        "name": "Chocolate Cake",
        "objectId": "X4y6hZlo8Z",
        "price": 500,
        "updatedAt": "2015-12-25T09:12:25.857Z"
    },
	{
        "createdAt": "2015-12-25T08:09:14.788Z",
        "description": "A awesome gift for anniversary.",
        "discount": 0,
        "egg": true,
        "name": "Gift Shaped Cake",
        "objectId": "ZRXiE3P5zg",
        "price": 510,
        "updatedAt": "2015-12-27T08:38:32.682Z"
    },
	{
        "createdAt": "2015-12-27T08:35:20.627Z",
        "description": "Special style, hexagon",
        "discount": 10,
        "egg": false,
        "name": "Red Velvet (hexagon)",
        "objectId": "ZvNSq1qE5b",
        "price": 600,
        "updatedAt": "2015-12-27T09:04:21.867Z"
    },
	{
        "createdAt": "2015-12-27T08:57:10.048Z",
        "description": "A cake with peanut around",
        "discount": 0,
        "egg": false,
        "name": "Peanut Cake",
        "objectId": "aOaOL29o2M",
        "price": 500,
        "updatedAt": "2015-12-27T09:06:06.353Z"
    },
	{
        "createdAt": "2015-12-22T08:59:00.989Z",
        "description": "The quintessential chocolate lover’s delight, stacked two layers high. A classic anytime.",
        "discount": 10,
        "egg": true,
        "name": "Heart Cake",
        "objectId": "eSws3duuUj",
        "price": 470,
        "updatedAt": "2015-12-25T09:14:25.066Z"
    },
	{
        "createdAt": "2015-12-27T08:34:44.737Z",
        "description": "A rhomb cake is decorated with siro.",
        "discount": 10,
        "egg": false,
        "name": "Red Velvet (rhomb)",
        "objectId": "ebkfJ3Uf7W",
        "price": 550,
        "updatedAt": "2015-12-27T09:04:22.843Z"
    },
	{
        "createdAt": "2015-12-22T08:51:55.588Z",
        "description": "Blend chocolate and vani",
        "discount": 0,
        "egg": true,
        "name": "Chocolate Vani Cake",
        "objectId": "jbM1No8TGk",
        "price": 560,
        "updatedAt": "2015-12-27T08:38:40.308Z"
    },
	{
        "createdAt": "2015-12-27T08:33:24.436Z",
        "description": "A square cake with green pattern around",
        "discount": 0,
        "egg": true,
        "name": "Pattern Cake",
        "objectId": "rWI7zkQMZp",
        "price": 520,
        "updatedAt": "2015-12-27T09:00:47.273Z"
    },
	{
        "createdAt": "2015-12-25T09:02:48.304Z",
        "description": "The white waterfall cake with some beautiful flower aoround.",
        "discount": 0,
        "egg": false,
        "name": "White Waterfall",
        "objectId": "xpzoWIhy8p",
        "price": 720,
        "updatedAt": "2015-12-25T09:03:43.465Z"
    }
] }